{"video":{"date_record":"Fri, 16 Feb 2024 13:37:00 GMT","id":70,"id_user":0,"id_video":32,"measure_metric":{"average_constriction_velocity_area":16.23,"difference_height":2.49,"difference_width":3.07,"max_constriction_velocity_area":87.06,"max_constriction_velocity_height":8.63,"max_constriction_velocity_width":20.12,"max_height":6.61,"max_width":7.19,"min_height":4.12,"min_width":4.12,"reaction_time":0.23,"time_constriction":0.97,"time_m":0.57},"pupil_track":{"area":"\"[27.6439236111,27.3224826389,27.6806597222,27.3775868056,27.6806597222,27.5337152778,27.441875,27.5704513889,27.3867708333,27.3500347222,27.2673784722,27.4969791667,27.4969791667,27.4694270833,27.7725,27.6714756944,27.3684027778,27.7541319444,27.9194444444,27.7816840278,28.1674131944,28.0572048611,28.3602777778,28.4888541667,28.3878298611,28.4429340278,28.0663888889,28.6633506944,28.5990625,28.8102951389,28.7184548611,28.6725347222,28.6449826389,28.4796701389,28.6266145833,28.9205034722,28.6725347222,29.1133680556,28.8011111111,28.8011111111,28.7919270833,28.5806944444,28.9664236111,29.0398958333,28.9388715278,29.2419444444,28.9847916667,28.5990625,28.7460069444,28.4888541667,28.6266145833,28.6633506944,28.3051736111,28.35109375,28.68171875,28.5072222222,28.02046875,28.3419097222,28.2592534722,28.2592534722,27.7725,28.0755729167,28.2408854167,28.5255902778,28.2500694444,28.2041493056,28.3051736111,28.68171875,28.4061979167,28.0847569444,28.3970138889,28.7827430556,28.4796701389,27.9929166667,27.8918923611,27.68984375,27.7633159722,27.1847222222,27.5337152778,27.7541319444,28.0112847222,27.9194444444,28.1674131944,28.1949652778,27.9561805556,28.1398611111,28.0112847222,27.7082118056,27.8184201389,28.0939409722,28.4888541667,28.764375,28.5347743056,28.2041493056,28.5898784722,28.0847569444,28.8562152778,29.0031597222,29.0398958333,28.8378472222,28.8286631944,28.9205034722,29.5725694444,29.3154166667,29.5266493056,29.3613368056,29.1868402778,33.3747569444,33.14515625,32.7594270833,33.2737326389,33.1359722222,33.4574131944,34.13703125,32.8788194444,32.9614756944,32.9982118056,33.2737326389,33.3563888889,33.2829166667,33.5584375,32.97984375,33.3655729167,33.8890625,33.6870138889,33.9441666667,31.0420138889,29.17765625,27.19390625,25.1734201389,24.1448090278,23.0335416667,21.90390625,20.8201909722,19.9568923611,19.6262673611,18.6160243056,18.3496875,18.1384548611,17.7435416667,17.7343576389,17.4221006944,17.2659722222,17.0271875,16.3934895833,16.0536805556,16.0077604167,15.6036631944,15.1720138889,15.4016145833,14.8873090278,14.5383159722,14.3730034722,13.9321701389,13.6750173611,13.6658333333,13.4362326389,13.4454166667,13.7668576389,13.8495138889,14.6577083333,15.2638541667,15.8148958333,16.4026736111,17.1190277778,17.60578125,18.1109027778,18.3129513889,19.1027777778,20.1589409722,20.3426215278,20.8477430556,21.5365451389,22.2437152778,22.4549479167,22.8590451389,22.9692534722,23.2906944444,23.474375,23.6764236111,24.1999131944,24.3284895833,24.6040104167,24.71421875,24.9805555556,25.0723958333,25.3387326389,25.37546875,25.6050694444,26.03671875,26.1744791667,26.0826388889,26.1010069444,26.3306076389,25.9816145833,26.1010069444,26.2846875,26.5693923611,26.3948958333,26.4959201389,26.1285590278,26.0918229167,26.2846875,26.4683680556,26.4408159722,26.8265451389,27.0010416667,26.9551215278,27.4602430556,27.3684027778,27.5428993056,27.3132986111,27.4326909722,27.6255555556,27.85515625,28.2959895833,28.4888541667,28.7000868056,28.9572395833,29.17765625,29.5542013889,29.5358333333,29.4439930556,30.0225868056,29.6644097222,29.4990972222,29.4439930556,29.5725694444,29.2327604167,29.50828125,28.7551909722,29.0490798611,29.4439930556,29.4439930556,29.5358333333,29.3154166667,29.1592881944,29.1409201389,29.50828125,29.4072569444,29.34296875,29.4899131944,29.5725694444,29.8021701389,29.5174652778,29.4531770833,29.3521527778,29.4072569444,29.83890625,29.7746180556,29.1501041667,29.425625,29.1684722222,28.8378472222,28.8745833333,29.2419444444,29.1133680556,29.0215277778,28.9021354167,28.9756076389,29.0031597222,29.1868402778,29.425625,29.6827777778,29.5542013889,29.6552256944,29.6644097222,29.5266493056,29.9215625,30.8215972222]\"","centerx":"\"[414.418,414.674,414.774,414.774,414.702,414.45,412.351,412.434,412.195,412.238,412.072,412.094,412.087,412.2,412.816,412.622,412.5,412.486,412.656,412.705,412.818,412.936,412.83,412.754,413.063,413.043,411.924,412.417,412.527,412.46,412.446,412.463,412.873,412.671,412.615,412.804,412.795,413.026,414.207,414.074,414.341,414.462,414.288,414.96,414.973,414.613,415.172,414.867,414.947,414.934,414.806,414.909,414.924,415.246,414.356,414.319,414.41,414.636,414.407,414.727,414.42,414.469,414.462,414.593,414.298,414.334,413.919,414.053,414.146,414.107,414.221,414.034,414.149,414.012,414.13,414.162,414.064,414.24,414.117,414.189,414.417,415.946,415.706,415.643,416.05,415.831,417.171,417.634,417.986,418.15,416.616,416.098,415.631,415.91,415.689,415.546,415.503,415.699,415.248,415.464,415.455,415.191,415.881,415.245,415.269,415.042,415.0,416.398,416.658,416.579,416.684,416.468,417.014,417.33,416.481,416.789,416.11,416.417,416.543,416.984,416.843,416.659,417.543,417.091,416.874,417.347,416.81,416.842,416.733,416.982,416.533,416.807,416.902,417.107,416.856,417.036,417.106,417.13,417.107,416.807,416.811,416.729,416.938,416.893,417.154,417.152,416.897,417.141,417.059,417.038,417.358,417.301,417.204,417.515,417.557,417.629,417.47,417.507,417.564,418.071,417.993,418.043,418.225,418.359,418.386,417.555,418.322,418.447,418.631,418.297,418.842,418.966,418.809,418.815,418.787,419.046,419.149,419.212,421.255,421.341,421.199,421.492,421.594,421.69,421.738,421.965,421.729,421.896,421.772,421.623,422.068,421.887,422.071,421.694,421.82,421.833,421.967,422.183,421.791,421.672,422.036,421.992,422.041,421.78,421.881,422.24,421.939,422.151,422.492,422.64,423.032,423.245,423.741,423.852,423.68,423.954,423.748,423.734,424.215,423.741,423.969,422.29,422.082,422.213,422.37,422.65,422.924,422.764,422.618,422.649,422.642,422.647,419.559,419.767,419.8,419.609,419.934,419.745,419.893,419.871,419.671,417.493,417.395,417.767,417.708,417.845,417.915,417.968,418.198,417.935,418.397,418.147,418.46,420.407,420.805,420.953,421.327,421.465,421.513,421.767,421.614,422.053,421.838,422.534,422.524,422.424,422.473,422.375,422.094,418.914]\"",